Metric,Value
Accuracy,0.9951749095295537
Precision,1.0
Recall,0.9951749095295537
F1-Score,0.9975743411764614
Avg Confidence,0.8440526245011352
